﻿idTreatment,idPatients,idResults,lengthPrescribed,idTreatmentPlan
TR01,P005,R001,158,TRP05
TR02,P001,R002,96,TRP03
TR03,P018,R003,67,TRP15
TR04,P022,R004,72,TRP01
TR05,P001,R005,89,TRP13
TR06,P016,R006,102,TRP11
TR07,P028,R007,124,TRP12
TR08,P013,R008,141,TRP06
TR09,P006,R009,156,TRP13
TR10,P023,R010,121,TRP09
TR11,P004,R011,151,TRP14
TR12,P008,R012,147,TRP07
TR13,P012,R013,145,TRP13
TR14,P025,R014,45,TRP05
TR15,P024,R015,109,TRP04
TR16,P028,R016,58,TRP01
TR17,P028,R017,80,TRP09
TR18,P023,R018,156,TRP11
TR19,P030,R019,149,TRP14
TR20,P010,R020,158,TRP14
TR21,P030,R021,18,TRP08
TR22,P021,R022,98,TRP09
TR23,P004,R023,75,TRP15
TR24,P008,R024,114,TRP10
TR25,P009,R025,26,TRP01
TR26,P012,R026,50,TRP14
TR27,P009,R027,66,TRP12
TR28,P018,R028,27,TRP14
TR29,P016,R029,138,TRP07
TR30,P030,R030,157,TRP12
TR31,P016,R031,41,TRP01
TR32,P017,R032,140,TRP13
TR33,P025,R033,82,TRP01
TR34,P022,R034,157,TRP14
TR35,P008,R035,32,TRP04
TR36,P018,R036,57,TRP03
TR37,P008,R037,34,TRP05
TR38,P006,R038,174,TRP05
TR39,P012,R039,177,TRP05
TR40,P006,R040,173,TRP09
TR41,P020,R041,176,TRP10
TR42,P027,R042,91,TRP12
TR43,P019,R043,143,TRP15
TR44,P027,R044,72,TRP03
TR45,P012,R045,14,TRP01
TR46,P009,R046,40,TRP08
TR47,P024,R047,30,TRP02
TR48,P016,R048,35,TRP09
TR49,P016,R049,162,TRP15
TR50,P021,R050,127,TRP08
